{
  "task": "transcribe",
  "language": "japanese",
  "duration": 25.6299991607666,
  "text": "多分シャネルっていうロゴで 肌の調子が良くなってるんで たくさんお金によっても そういう高級なものを使った方が プラスチック効果の意味で 綺麗になるんですよ 別に忘れてなくてもいいんですけど とりあえず量を気にせず使える 保湿っていうのが 一つあるというのが すごく大事ですね 実は何を言いたいかっていうと 保湿できれば何でもいいっす 逆に言うと 保湿さえできるようになったら 化粧するとこもいらないっす っていうのが 一応現代の答えですね",
  "segments": [
    {
      "id": 0,
      "seek": 0,
      "start": 0,
      "end": 3.5999999046325684,
      "text": "多分シャネルっていうロゴで 肌の調子が良くなってるんで",
      "tokens": [
        50364,
        6392,
        6627,
        11054,
        17233,
        1047,
        38518,
        46896,
        17164,
        39780,
        2474,
        220,
        14356,
        234,
        2972,
        32943,
        7626,
        5142,
        33950,
        6134,
        3203,
        45350,
        35356,
        50544
      ],
      "temperature": 0,
      "avg_logprob": -0.2748626470565796,
      "compression_ratio": 1.7936046123504639,
      "no_speech_prob": 0.0003678639477584511
    },
    {
      "id": 1,
      "seek": 0,
      "start": 3.5999999046325684,
      "end": 7.599999904632568,
      "text": "たくさんお金によっても そういう高級なものを使った方が",
      "tokens": [
        50544,
        3368,
        6134,
        15567,
        6117,
        19117,
        4108,
        5591,
        6102,
        4801,
        36165,
        9444,
        12979,
        35315,
        3203,
        44726,
        5998,
        22982,
        10102,
        9249,
        5142,
        50744
      ],
      "temperature": 0,
      "avg_logprob": -0.2748626470565796,
      "compression_ratio": 1.7936046123504639,
      "no_speech_prob": 0.0003678639477584511
    },
    {
      "id": 2,
      "seek": 0,
      "start": 7.599999904632568,
      "end": 9.800000190734863,
      "text": "プラスチック効果の意味で 綺麗になるんですよ",
      "tokens": [
        50744,
        20953,
        11353,
        9550,
        17794,
        28551,
        5087,
        117,
        9319,
        2972,
        9042,
        17268,
        2474,
        220,
        9261,
        118,
        3994,
        245,
        22615,
        4895,
        27113,
        5591,
        50854
      ],
      "temperature": 0,
      "avg_logprob": -0.2748626470565796,
      "compression_ratio": 1.7936046123504639,
      "no_speech_prob": 0.0003678639477584511
    },
    {
      "id": 3,
      "seek": 0,
      "start": 9.800000190734863,
      "end": 11.399999618530273,
      "text": "別に忘れてなくてもいいんですけど",
      "tokens": [
        50854,
        16158,
        4108,
        26677,
        26638,
        40252,
        2996,
        4801,
        13806,
        27113,
        21891,
        50934
      ],
      "temperature": 0,
      "avg_logprob": -0.2748626470565796,
      "compression_ratio": 1.7936046123504639,
      "no_speech_prob": 0.0003678639477584511
    },
    {
      "id": 4,
      "seek": 0,
      "start": 11.399999618530273,
      "end": 14.600000381469727,
      "text": "とりあえず量を気にせず使える 保湿っていうのが",
      "tokens": [
        50934,
        3193,
        5095,
        3590,
        6474,
        18216,
        26748,
        5998,
        25870,
        4108,
        13702,
        18216,
        22982,
        44547,
        220,
        24302,
        33744,
        123,
        46896,
        2972,
        5142,
        51094
      ],
      "temperature": 0,
      "avg_logprob": -0.2748626470565796,
      "compression_ratio": 1.7936046123504639,
      "no_speech_prob": 0.0003678639477584511
    },
    {
      "id": 5,
      "seek": 0,
      "start": 14.600000381469727,
      "end": 16.799999237060547,
      "text": "一つあるというのが すごく大事ですね",
      "tokens": [
        51094,
        2257,
        9335,
        24719,
        15300,
        2972,
        5142,
        41068,
        9991,
        6134,
        3582,
        6973,
        14277,
        51204
      ],
      "temperature": 0,
      "avg_logprob": -0.2748626470565796,
      "compression_ratio": 1.7936046123504639,
      "no_speech_prob": 0.0003678639477584511
    },
    {
      "id": 6,
      "seek": 0,
      "start": 16.799999237060547,
      "end": 19.600000381469727,
      "text": "実は何を言いたいかっていうと 保湿できれば何でもいいっす",
      "tokens": [
        51204,
        33197,
        3065,
        11906,
        5998,
        12009,
        17679,
        1764,
        3703,
        46896,
        3193,
        220,
        24302,
        33744,
        123,
        43200,
        4132,
        13349,
        11906,
        17783,
        13806,
        2970,
        2659,
        51344
      ],
      "temperature": 0,
      "avg_logprob": -0.2748626470565796,
      "compression_ratio": 1.7936046123504639,
      "no_speech_prob": 0.0003678639477584511
    },
    {
      "id": 7,
      "seek": 0,
      "start": 19.600000381469727,
      "end": 21.399999618530273,
      "text": "逆に言うと 保湿さえできるようになったら",
      "tokens": [
        51344,
        2215,
        228,
        4108,
        12009,
        2646,
        3193,
        220,
        24302,
        33744,
        123,
        6722,
        6474,
        43200,
        4895,
        17010,
        22615,
        10102,
        5154,
        51434
      ],
      "temperature": 0,
      "avg_logprob": -0.2748626470565796,
      "compression_ratio": 1.7936046123504639,
      "no_speech_prob": 0.0003678639477584511
    },
    {
      "id": 8,
      "seek": 0,
      "start": 21.399999618530273,
      "end": 23.399999618530273,
      "text": "化粧するとこもいらないっす っていうのが",
      "tokens": [
        51434,
        23756,
        18393,
        100,
        22570,
        3193,
        3503,
        4801,
        1764,
        5154,
        9311,
        2970,
        2659,
        2605,
        96,
        2996,
        9444,
        2972,
        5142,
        51534
      ],
      "temperature": 0,
      "avg_logprob": -0.2748626470565796,
      "compression_ratio": 1.7936046123504639,
      "no_speech_prob": 0.0003678639477584511
    },
    {
      "id": 9,
      "seek": 0,
      "start": 23.399999618530273,
      "end": 25.399999618530273,
      "text": "一応現代の答えですね",
      "tokens": [
        51534,
        2257,
        4263,
        250,
        9581,
        19105,
        2972,
        28223,
        6474,
        14277,
        51634
      ],
      "temperature": 0,
      "avg_logprob": -0.2748626470565796,
      "compression_ratio": 1.7936046123504639,
      "no_speech_prob": 0.0003678639477584511
    }
  ]
}